MouseID,Day 1,Day 2
309_1,0.503643884,0.5798927715764894
309_2,0.51461708,0.305341428172343
309_3,0.509183088,0.9723461331319038
309_4,0.442106692,0.5270914751866962
309_5,0.434940244,0.5171717026731162
309_6,0.447506385,0.22005453784083434
309_7,0.428032684,0.20184919465127468
309_8,0.416922604,0.4032345479456064
309_9,0.386310905,0.4401402788575228
309_10,0.380827447,0.4995441296552865
309_11,0.366511251,0.2959321996130648
309_12,0.364153907,0.6919121672759462
309_13,0.364873351,0.7787618380176002
309_14,0.381910612,0.5039936960170756
309_15,0.37440953,0.3097916309749836
311_1,0.743117916,0.35195187126502125
311_2,0.711479945,1.7695438979661162
311_3,0.704633205,1.1690272438946152
311_4,0.677359194,0.7035448891603545
311_5,0.591572123,0.7063513931502391
311_6,0.618517229,0.7401548545277767
311_7,0.702608291,1.0092151186521063
311_8,0.598868778,0.4353209374731438
311_9,0.561866554,0.7371025733920972
311_10,0.55097021,0.4392413700630698
311_11,0.538412899,0.555229390816515
311_12,0.521126761,0.7844926873557624
311_13,0.488372093,0.506239252939469
311_14,0.514854614,0.17491512048833383
311_15,0.485099846,0.685366689918924
320_1,0.627581675,0.9965713598819324
320_2,0.651253323,0.3975164432880085
320_3,0.64434594,0.8320761180712362
320_4,0.568229103,0.7222671369158735
320_5,0.587038433,0.5261888532727871
320_6,0.595904096,0.6798078886141301
320_7,0.522917915,0.3407529092826525
320_8,0.530854674,0.7526320627997385
320_9,0.534999224,0.9466077507480187
320_10,0.519443385,0.5153473797752516
320_11,0.508589768,0.8685764349696296
320_12,0.516537517,0.492404744100105
320_13,0.454421149,0.3445183839235157
320_14,0.471745596,0.6994428526356062
320_15,0.481272563,0.7861937013266543
321_1,0.560614372,0.8170832197529406
321_2,0.516108108,0.4540913186043286
321_3,0.507321275,0.5086759202718059
321_4,0.505092786,0.5827808073193986
321_5,0.479120267,0.4471857698192895
321_6,0.457992362,0.3799509689502892
321_7,0.420541987,0.6307192498982875
321_8,0.437456926,0.41907641065441
321_9,0.403742414,0.09406176609113512
321_10,0.383423181,0.6024376637121143
321_11,0.38264963,0.17038299111862049
321_12,0.396305256,0.3608466483546018
321_13,0.378328982,0.3591820397704713
321_14,0.366569691,0.4954209184717041
321_15,0.385658409,0.3253138770372248
322_1,0.3778463,0.1520479157113197
322_2,0.39071277,0.43381001897576116
322_3,0.395357544,0.06589205499651508
322_4,0.384858543,0.45399391212927787
322_5,0.356513531,0.3864989551734098
322_6,0.362914748,0.12159646813101868
322_7,0.359692368,0.49757324863046754
322_8,0.379945163,0.22741547443430815
322_9,0.328703704,0.392481628319488
322_10,0.346891071,0.5048414335548163
322_11,0.33923236,0.23253379081198725
322_12,0.341360767,0.5307654068846919
322_13,0.34375,0.3445088019986603
322_14,0.334739803,0.2008202407294528
322_15,0.341449917,0.2936819115332452
3415_1,0.649781277,0.784305781834655
3415_2,0.616480687,0.3239866817914747
3415_3,0.637424335,0.47196246717030627
3415_4,0.576814539,0.6275316691226938
3415_5,0.542544799,0.9228312462777906
3415_6,0.569917613,0.3256417497910038
3415_7,0.494053315,0.5343444819939333
3415_8,0.485691988,0.16468954200501015
3415_9,0.508724832,0.7632967943258488
3415_10,0.408176509,0.7019181848653002
3415_11,0.417777056,0.4086101149696899
3415_12,0.42913257,0.47437821274874575
3415_13,0.367629118,0.38233606938171316
3415_14,0.378987241,0.31193049304841064
3415_15,0.373648378,0.31084567745707886
3499_1,0.452427356,-0.029604949327924533
3499_2,0.458423717,0.7742357768222564
3499_3,0.451128496,0.44546654873018177
3499_4,0.355667789,0.3672533064196934
3499_5,0.353473637,0.4110753837304019
3499_6,0.357393768,0.4784674375224961
3499_7,0.288176638,0.4312857376989445
3499_8,0.287307033,0.09426439583809154
3499_9,0.297349903,0.16463348742950668
3499_10,0.252093802,0.07265080146453737
3499_11,0.257765024,0.2595906141608458
3499_12,0.264873254,0.21064809467873646
3499_13,0.239489489,0.21256658847466928
3499_14,0.246493361,0.2500495703284418
3499_15,0.233550792,0.2244009135439107
3507_1,0.406343337,0.6075361409412752
3507_2,0.396814209,0.3322557920686759
3507_3,0.433099097,0.7942781618061137
3507_4,0.367035111,0.2523756234093846
3507_5,0.381520119,0.7116415158836109
3507_6,0.400033944,0.4288746433831465
3507_7,0.371069182,0.3701089405649016
3507_8,0.383181442,0.640202482387067
3507_9,0.39800995,0.46360787106369206
3507_10,0.317655401,0.23969878919907806
3507_11,0.337260677,0.3456671079298492
3507_12,0.369989723,0.38956918826106834
3507_13,0.353361095,0.20692531587829502
3507_14,0.351673284,0.3942004355094458
3507_15,0.336513443,0.34888396598480004
3520_1,0.743408663,0.364138353365066
3520_2,0.762442573,0.7098196889591215
3520_3,0.755979499,0.7596486897450461
3520_4,0.669722368,0.995295183033886
3520_5,0.630001287,0.1218221564497954
3520_6,0.618551329,0.5046608746872214
3520_7,0.619720572,0.7132675431266283
3520_8,0.603723404,0.8538705519701294
3520_9,0.5229246,0.4876698937722025
3520_10,0.638367347,1.0947247173858101
3520_11,0.618440309,0.8597151725875183
3520_12,0.523578223,0.47593196498352713
3520_13,0.511770476,0.6071285067448388
3520_14,0.546646495,0.45275397112160143
3520_15,0.515371581,0.42342531022532104
3521_1,0.78422619,1.075245030045858
3521_2,0.778713119,0.3486967294959667
3521_3,0.767988253,0.8326790278271509
3521_4,0.646064867,0.3119064632062857
3521_5,0.734437011,1.1892834379116055
3521_6,0.633406836,0.31433108882730243
3521_7,0.571314423,0.3898034818331746
3521_8,0.639173884,0.8085927359584651
3521_9,0.618862876,0.45328421776828504
3521_10,0.538125219,0.9462724301304176
3521_11,0.618631991,0.836378499843777
3521_12,0.563806777,0.24853202430351579
3521_13,0.528070175,0.6880657787338099
3521_14,0.531347265,0.17721688740947433
3521_15,0.472848789,0.4158125052738825
294_1,0.322140322,0.29334038491407355
294_2,0.305504346,0.027451184873365952
294_3,0.327590922,0.12303095299435506
294_4,0.321299015,-0.03271986819236962
294_5,0.300456776,0.3451070970302361
294_6,0.309965523,0.3518354470330414
294_7,0.32346723,0.3025111758136992
294_8,0.293755136,0.4389985306291045
294_9,0.280735721,0.20874078717799138
294_10,0.33930997,0.5534176381925852
294_11,0.315139032,0.5835911439386854
294_12,0.35969917,0.3859576052077361
294_13,0.32083075,0.3679347009976426
294_14,0.335714286,0.413285107917838
294_15,0.314397649,0.03666475471799089
3412_1,0.27048168,0.37583122034321764
3412_2,0.265891907,0.4815450440742073
3412_3,0.274456908,0.36316271063991645
3412_4,0.267213395,0.16425081795031443
3412_5,0.273375043,-0.08064633588010546
3412_6,0.270942867,0.4241882684672725
3412_7,0.277741866,0.2831549687890889
3412_8,0.292091008,0.351640465012008
3412_9,0.287296417,0.4760736578759232
3412_10,0.276746458,0.1872306378504512
3412_11,0.267985167,0.3459487877575128
3412_12,0.265617191,0.6987073841634804
3412_13,0.2696875,0.34609326194734885
3412_14,0.282872241,0.14485266349559622
3412_15,0.294270833,-0.012855766290816131
3413_1,0.23192446,0.23956201830615853
3413_2,0.212310673,0.2932738361634801
3413_3,0.211927398,0.13165722945604125
3413_4,0.203736072,0.3047898633236349
3413_5,0.194417077,0.1312415570911118
3413_6,0.197589041,0.13137167639185401
3413_7,0.179262795,0.22616639550178952
3413_8,0.195424837,0.12600833559323563
3413_9,0.175964546,0.06133548282249429
3413_10,0.164329535,0.16189860258909852
3413_11,0.168493351,0.176656922310439
3413_12,0.18980305,0.26465492540671476
3413_13,0.145326504,0.15922412765973767
3413_14,0.156849197,0.13123151679575856
3413_15,0.171823312,0.20487193614256943
3419_1,0.296895307,0.2006767193805854
3419_2,0.288120825,0.3828196938259801
3419_3,0.30691683,0.3261757252352332
3419_4,0.256428075,0.4365890145860041
3419_5,0.318470215,0.2438815602825109
3419_6,0.308084966,0.27229278431925324
3419_7,0.234140234,0.339645895261072
3419_8,0.218033114,0.19534884354332852
3419_9,0.21942446,0.47831988287400373
3419_10,0.257297297,0.4259900985338665
3419_11,0.267745303,0.2661518710807473
3419_12,0.237746891,0.3340233860427421
3419_13,0.206036745,0.07846080598652856
3419_14,0.19847793,0.195113430428991
3419_15,0.196670777,0.18347758119492014
3420_1,0.23240256,0.46044520325310495
3420_2,0.244817518,0.19733355325382354
3420_3,0.225439783,0.4368309551043852
3420_4,0.248640812,-0.004345515688024821
3420_5,0.249192101,-0.07010969476167231
3420_6,0.226574992,0.2275622785377076
3420_7,0.292259786,0.3892448931381124
3420_8,0.216670166,0.3216562705353504
3420_9,0.197071385,0.25622434394785304
3420_10,0.257348343,0.25534693859650615
3420_11,0.264324153,0.1837114960198282
3420_12,0.273025335,0.42988572986671225
3420_13,0.25483871,0.15318405894361198
3420_14,0.229536153,-0.026957020876118044
3420_15,0.230495191,0.3167652386893449
3500_1,0.34637699,0.5517028147936617
3500_2,0.31816646,0.3704253383021784
3500_3,0.325509147,0.31572702323031865
3500_4,0.314043548,0.25857441147955396
3500_5,0.289415656,0.24936478117893293
3500_6,0.29914056,0.3311121428540668
3500_7,0.291162949,0.42001334028640513
3500_8,0.280446927,0.33424815697003224
3500_9,0.273096282,0.30444755099722637
3500_10,0.280754566,0.3682923900759905
3500_11,0.272919064,0.5672492383293595
3500_12,0.258342707,0.4153048603674322
3500_13,0.268021287,0.4206184014937037
3500_14,0.256469501,0.12270097274687909
3500_15,0.254681648,0.2778359137608987
3503_1,0.300871348,0.20968032997636382
3503_2,0.306760032,0.3180853773568012
3503_3,0.29681562,0.3840014264818562
3503_4,0.316411451,0.3208725139429402
3503_5,0.281230383,0.29776601234406724
3503_6,0.279877261,0.07163898423933075
3503_7,0.283125487,0.29749562754964237
3503_8,0.272907184,0.10790172244470093
3503_9,0.248882844,0.46235716802213706
3503_10,0.262234734,0.27062833866577
3503_11,0.265670966,-0.1902493675149319
3503_12,0.246712726,0.3990287405785621
3503_13,0.290637565,0.22821775571281555
3503_14,0.217462932,-0.11460972356646404
3503_15,0.237590799,0.19345785031630483
362_1,0.380144642,0.4396366999856619
362_2,0.371998425,0.01200971004770425
362_3,0.35694374,0.18919864241065948
362_4,0.353026168,0.14270496532983182
362_5,0.353194201,0.30488389391227216
362_6,0.337189307,0.14599407969822628
362_7,0.336896354,0.2311297615211673
362_8,0.321071496,0.10523229872313114
362_9,0.342356378,0.050459922644541466
362_10,0.346938776,0.15175520103632598
362_11,0.345346062,0.18643211701161172
362_12,0.311823001,0.6848825850197825
362_13,0.321612903,0.51654317442935
362_14,0.317186054,0.5019956196911239
362_15,0.295302013,0.3405731250619461
364_1,0.28678941,0.11668449713706072
364_2,0.290814936,0.1366536496689152
364_3,0.376921951,0.4278091119006414
364_4,0.285643727,0.14278379644509678
364_5,0.296604414,0.20502597915459295
364_6,0.290687401,0.05285372640024958
364_7,0.306938946,0.3821116469536105
364_8,0.275713979,0.1743331682544988
364_9,0.238963731,0.2626487404894063
364_10,0.249806651,0.34445970362116163
364_11,0.264480874,0.1709817194536819
364_12,0.273983116,0.4510811505224051
364_13,0.201140799,0.13724955844853304
364_14,0.209582598,0.20763234487522517
364_15,0.326587579,0.4951233105040768
365_1,0.295470714,0.5961991887423316
365_2,0.309431681,0.5233675323969729
365_3,0.316773125,0.6483703009536859
365_4,0.287850196,0.14566402080499344
365_5,0.284857352,0.3610337401280926
365_6,0.269843488,0.18024540702418426
365_7,0.266735859,0.29520243961699916
365_8,0.242337336,0.3535078887685334
365_9,0.247678019,0.17721227434024886
365_10,0.253497164,0.27809223405577715
365_11,0.253756977,0.23978342968351968
365_12,0.249051833,0.5236608784142435
365_13,0.25842412,0.10311468787307566
365_14,0.294966063,0.45122230151594916
365_15,0.289354924,0.580287962799292
3477_1,0.591618368,0.569787283988969
3477_2,0.58980671,0.5613815270502022
3477_3,0.598901602,0.4598918107095432
3477_4,0.544843569,0.7452978982289792
3477_5,0.512785231,0.523103931495652
3477_6,0.5421644,0.7270143004291532
3477_7,0.414108951,0.6792826484230234
3477_8,0.444972938,0.7118818643226791
3477_9,0.462777684,0.5258062698102226
3477_10,0.451308901,0.24268369607921964
3477_11,0.46461474,0.566689527167975
3477_12,0.466189172,0.5126140137885937
3477_13,0.398474487,0.6643113314275073
3477_14,0.408647509,0.4702318782719639
3477_15,0.431478619,0.09465569892514526
3478_1,0.44583838,0.33204509871569143
3478_2,0.427416551,0.23308072613583092
3478_3,0.456785746,0.9088028179449534
3478_4,0.366238662,0.5014393611660518
3478_5,0.385190459,0.5882335440502965
3478_6,0.377387775,0.6038682412512458
3478_7,0.353194544,0.27953102604773505
3478_8,0.344949272,0.2946557125844794
3478_9,0.346266044,0.563000188766822
3478_10,0.362734289,0.5620470061201092
3478_11,0.331241283,0.4060673350852653
3478_12,0.362683824,0.5918944808014973
3478_13,0.339014758,0.6063685411319539
3478_14,0.344676409,0.510368074921294
3478_15,0.342437409,0.34494241805955966
3479_1,0.487969395,0.4902786018571682
3479_2,0.475678902,0.11376946274218758
3479_3,0.486394907,0.7849213982530667
3479_4,0.428426138,0.6330236599654275
3479_5,0.414939382,0.32907474501128586
3479_6,0.429251521,0.23308504028646762
3479_7,0.396337475,0.41041443677778894
3479_8,0.384090909,0.2472588419983798
3479_9,0.408775609,0.5424262287706414
3479_10,0.487527923,0.12111731934369942
3479_11,0.479742522,0.07507667520209899
3479_12,0.494150418,0.5553333273112571
3479_13,0.520854736,1.061516903232627
3479_14,0.526693395,0.2668443735742347
3479_15,0.51306914,0.5226206047813755
3480_1,0.389727361,0.37235353463225146
3480_2,0.389434889,0.3388499810834854
3480_3,0.387995542,0.5793642130264922
3480_4,0.333437991,0.47780439320903756
3480_5,0.324310416,0.238293964269166
3480_6,0.332816377,0.26726392221152434
3480_7,0.288483612,0.26519198450750775
3480_8,0.29067136,0.5220831047196005
3480_9,0.294436052,0.32010988627546777
3480_10,0.284727437,0.4064082219635576
3480_11,0.286105616,0.3043869416774942
3480_12,0.284736686,0.23065924997672232
3480_13,0.267156863,0.12754814424408573
3480_14,0.252985075,0.3599091095216042
3480_15,0.253180896,0.30150132752906533
3484_1,2.480315709,2.1227155800601447
3484_2,2.023023578,2.0123002465734356
3484_3,2.335802241,1.978817061340722
3484_4,2.109390486,1.2983026589272888
3484_5,2.017503896,2.048424196402809
3484_6,2.017304297,1.3245980065207335
3484_7,1.539047619,3.115406456223359
3484_8,1.717857143,1.5936173413185855
3484_9,1.773210693,2.012334913357111
3484_10,1.575491426,2.3870434260384927
3484_11,1.909072821,3.142539419268373
3484_12,1.875890736,1.6667929958776648
3484_13,2.516367377,1.3318861526302324
3484_14,2.201831398,2.4347760854296214
3484_15,2.459948081,2.431378749537054
3497_1,0.778333784,0.9414179876370123
3497_2,0.538505474,0.46108740426328654
3497_3,0.636917769,0.5576339249545473
3497_4,0.67364921,0.7179755958383119
3497_5,0.510385757,0.7742179038197662
3497_6,0.610415394,0.645775259421151
3497_7,0.58985536,0.615996845298319
3497_8,0.380214387,0.24252240494170335
3497_9,0.524483134,0.9162650315012577
3497_10,0.510466989,-0.015808860272974158
3497_11,0.29010771,0.3517699758630237
3497_12,0.451243243,0.38849213302340846
3497_13,0.481629393,0.3257080822556276
3497_14,0.398137885,0.459782844256632
3497_15,0.437188565,0.6653058561855067
50810A_1,0.488148538,0.4109905253222797
50810A_2,0.435422035,0.3550017348846766
50810A_3,0.413643486,0.7470639640567593
50810A_4,0.360046361,0.32718609770294577
50810A_5,0.366377563,0.08930423169933609
50810A_6,0.361487482,0.37109438344644063
50810A_7,0.322756669,0.16263127861389245
50810A_8,0.289403908,0.21964729082279283
50810A_9,0.301764706,0.2730897687389794
50810A_10,0.305080514,0.5144986365083551
50810A_11,0.259952607,0.40568845319706504
50810A_12,0.270645953,0.2684518263565354
50810A_13,0.28002414,0.29212314150997243
50810A_14,0.256675521,0.26816075525809824
50810A_15,0.288087056,0.39594053859859635
50810D_1,0.529393073,0.14749459746910787
50810D_2,0.511500118,0.8157021407980534
50810D_3,0.527760449,0.3617675305624016
50810D_4,0.41204627,0.5988060823274028
50810D_5,0.417048669,0.4168716622694772
50810D_6,0.453835508,0.42743673080549244
50810D_7,0.405807986,0.7635454001629729
50810D_8,0.392395718,0.4108355359464013
50810D_9,0.40444979,0.33679146601432797
50810D_10,0.356388845,0.04561773643930735
50810D_11,0.357712358,0.3861817291776788
50810D_12,0.316723855,0.0785469281867842
50810D_13,0.358602151,0.38005370098458763
50810D_14,0.33010045,0.13827300243713456
50810D_15,0.330531732,0.22433323278967707
50810F_1,0.527894003,0.6842596770460151
50810F_2,0.566171389,0.6183585043353292
50810F_3,0.507564168,1.0130813597425485
50810F_4,0.492403315,0.5571880685969811
50810F_5,0.487711387,0.7905586008402694
50810F_6,0.454247652,0.6314488586227399
50810F_7,0.403750689,0.7158783998178201
50810F_8,0.409276944,-0.013431010683546893
50810F_9,0.446604677,0.25631736303911773
50810F_10,0.413499112,0.2004156660836333
50810F_11,0.393096515,0.1345823888047322
50810F_12,0.390873016,0.46242192851916947
50810F_13,0.350443844,0.3031192357803504
50810F_14,0.399414471,0.3859553204494993
50810F_15,0.347809668,0.5194370176167701
3422_1,0.304965623,0.1263870326377358
3422_2,0.298967507,0.4758593830189286
3422_3,0.303297371,0.6624915090130107
3422_4,0.303962367,0.27642405369975215
3422_5,0.302760793,0.46389184092234675
3422_6,0.326897844,0.33876793653755743
3422_7,0.28783722,0.28493222030435916
3422_8,0.293135011,0.16859014191827945
3422_9,0.283922463,0.26597935966934394
3422_10,0.299733333,0.24946872331384606
3422_11,0.306425916,0.2563164783540934
3422_12,0.2797969,-0.030925560028242958
3422_13,0.295595432,0.21074289687787498
3422_14,0.26699187,0.13706445611365162
3422_15,0.291985367,0.23878655938141372
3423_1,0.328826711,0.3425270534564751
3423_2,0.351845384,0.2628085634731607
3423_3,0.342699271,0.31340171660953137
3423_4,0.330938353,0.4368826996177854
3423_5,0.324269006,0.7644084947235573
3423_6,0.308890795,0.487062363941824
3423_7,0.266932994,0.33633293591331054
3423_8,0.259610321,0.38109987202514606
3423_9,0.29218918,0.31197334302116364
3423_10,0.256346328,0.15865173917316538
3423_11,0.246852998,0.14292279665160504
3423_12,0.245222246,0.32605835628384805
3423_13,0.267412935,0.43680139996890505
3423_14,0.238418933,0.12997968615031813
3423_15,0.268268516,0.38986057765055665
3424_1,0.375535645,0.07946545114826271
3424_2,0.379772271,0.5811599855600669
3424_3,0.379923087,0.4374447561479687
3424_4,0.238413405,0.11219895732768784
3424_5,0.387123198,0.527095524103595
3424_6,0.366568435,0.40766444202227564
3424_7,0.299962221,0.3635801748441537
3424_8,0.385694527,0.3241191399296706
3424_9,0.320669291,0.23773466287001543
3424_10,0.316216216,0.16425813106217727
3424_11,0.331976596,0.7359695124006468
3424_12,0.34251158,0.07274373645135668
3424_13,0.326640695,0.13432615783183038
3424_14,0.340412435,0.505976930091763
3424_15,0.311309524,0.2538708087616224
3481_1,0.29436796,0.06490437465332244
3481_2,0.297662666,0.31030046597500716
3481_3,0.307742525,0.28374331156498483
3481_4,0.287488358,0.18263506246071468
3481_5,0.305103149,0.26676405669903613
3481_6,0.293697412,0.1623132027278236
3481_7,0.266243465,0.4268768410579245
3481_8,0.262642741,0.36850735435821913
3481_9,0.267698259,0.22630595351407853
3481_10,0.260538896,0.3041706589100342
3481_11,0.293126685,0.20599330005448827
3481_12,0.274442929,0.17730394771947652
3481_13,0.285872884,0.32156149392749994
3481_14,0.251861361,0.16686992728961797
3481_15,0.299768519,0.3287573271640819
3488_1,0.31757242,0.2442846730885913
3488_2,0.312991657,0.3114805164836784
3488_3,0.301694915,0.476800174870522
3488_4,0.290859564,0.2354275931380004
3488_5,0.304427202,0.4105880347447806
3488_6,0.286650775,0.23089911233629623
3488_7,0.264035874,0.24174907739001375
3488_8,0.27584947,0.5409505273113482
3488_9,0.272581792,0.13273073462590007
3488_10,0.246060606,0.4117506046276424
3488_11,0.255122143,0.23477138510048862
3488_12,0.262957011,0.3202149527021126
3488_13,0.245072614,0.11103778289247071
3488_14,0.237231009,0.08151981553177616
3488_15,0.248450413,0.49806127251058874
3489_1,0.312913066,0.1910076471159293
3489_2,0.312687443,0.11961835491736222
3489_3,0.286915531,0.32275878608627234
3489_4,0.26272,0.24335332701131282
3489_5,0.251651559,0.29638607919717913
3489_6,0.2601447,0.20151330954502136
3489_7,0.222222222,0.260336166368317
3489_8,0.208941087,0.2082145397450374
3489_9,0.211814185,0.2748322456906369
3489_10,0.252401537,0.2170990958496239
3489_11,0.217319878,0.25004411622230904
3489_12,0.235487662,0.321841266858848
3489_13,0.209951456,0.2686117183520605
3489_14,0.229374433,0.25899667983137137
3489_15,0.215015181,0.19312889720690357
3490_1,0.334410049,0.24619854119365642
3490_2,0.347258244,0.23003921320023338
3490_3,0.363177926,0.09231966225412569
3490_4,0.301626751,0.23084230379909257
3490_5,0.30711911,0.4389400185970148
3490_6,0.327989392,0.5263450757118338
3490_7,0.275488379,0.4795971673949242
3490_8,0.287589325,0.10760857460051211
3490_9,0.298368996,0.25075311334160244
3490_10,0.2079566,0.15575517351136167
3490_11,0.22501436,0.20093964617482182
3490_12,0.249705139,0.4391723587323673
3490_13,0.196118488,0.2577310612756873
3490_14,0.227461608,0.3411326473521558
3490_15,0.232640333,0.08800836787204136
3516_1,0.233226128,0.36783985625058924
3516_2,0.229960142,0.2680960753267946
3516_3,0.22331535,0.18146072196793506
3516_4,0.224246671,0.4025017291233072
3516_5,0.218939594,0.2888033149912581
3516_6,0.212589228,0.18171716123127857
3516_7,0.210781933,0.4640076422789549
3516_8,0.214228872,0.09474211257967015
3516_9,0.182517787,0.1449953174602279
3516_10,0.230489671,0.14026854128862945
3516_11,0.212104489,0.29439794344842757
3516_12,0.184718724,0.2097700698219046
3516_13,0.170634038,0.2921663340358239
3516_14,0.180628272,0.1739357047427861
3516_15,0.17844704,0.1181064308088213
J2292_1,0.277423412,0.3183539054861675
J2292_2,0.283077746,0.28462399885542095
J2292_3,0.268051771,0.41585678167652873
J2292_4,0.239189495,0.4861600358335765
J2292_5,0.242444519,0.277581431392138
J2292_6,0.240794144,0.34188907153177206
J2292_7,0.243309706,0.16019145414739083
J2292_8,0.252385846,0.27520844388059096
J2292_9,0.243227326,0.34936139157846785
J2292_10,0.294578083,0.0798574059470251
J2292_11,0.291497976,0.39965107634065816
J2292_12,0.271356784,0.12795223320272148
J2292_13,0.253623188,0.3459478041084479
J2292_14,0.237820513,0.15759366192811555
J2292_15,0.236523193,0.21057464278997995
3414_1,0.838053341,0.5856129147910848
3414_2,0.938244544,0.9437174899929998
3414_3,0.956488032,0.7446502332984879
3414_4,0.731738035,0.2421692001499568
3414_5,0.815502959,1.177140544530347
3414_6,0.807474652,1.3406868123539595
3414_7,0.668977725,0.7591303748728582
3414_8,0.776663065,1.548177740585725
3414_9,0.646086165,0.43211992922976394
3414_10,0.602819996,0.780542702816996
3414_11,0.625976005,0.20647840021591893
3414_12,0.605380298,0.5990120951756092
3414_13,0.555122374,0.1600395781137684
3414_14,0.543225534,0.49101181590453197
3414_15,0.574554817,0.36033890392065954
3416_1,0.641871921,0.08433545909925635
3416_2,0.673084718,0.19482291352822836
3416_3,0.660194175,0.9465035119989771
3416_4,0.571500251,0.4356475914299974
3416_5,0.540852001,0.7605174176231512
3416_6,0.649590164,0.736216307616771
3416_7,0.474654378,0.2583174840481351
3416_8,0.46444276,0.5950520561742542
3416_9,0.542598762,0.6129196929397165
3416_10,0.418401057,0.2748635161897126
3416_11,0.406919537,0.46879839791709577
3416_12,0.44573509,0.22644049288688436
3416_13,0.511217949,0.2586366345959892
3416_14,0.392627058,0.5953962504050695
3416_15,0.440879382,0.3871451608829221
3417_1,0.449649843,0.1652912637900602
3417_2,0.486866675,0.2272750768770051
3417_3,0.52421875,0.16892281391476635
3417_4,0.427303466,0.3340703860799386
3417_5,0.434017595,0.29867786109502703
3417_6,0.467165809,0.6935556541985388
3417_7,0.369484046,0.22124015443263
3417_8,0.403018446,0.4076844149598345
3417_9,0.408687259,0.33079910384729383
3417_10,0.413551913,0.6845613986298924
3417_11,0.418160377,0.2003869211593718
3417_12,0.407619048,0.10662704697152535
3417_13,0.358104609,0.6319317154169298
3417_14,0.377394636,-0.15948872162722036
3417_15,0.495831017,1.0959462853811626
3429_1,0.853105838,1.8061898152759792
3429_2,0.872787758,1.0750479884313942
3429_3,0.88856383,0.9632152431714591
3429_4,0.765429988,0.914588703215045
3429_5,0.799383245,1.0992965487207838
3429_6,0.712608987,0.553857740255192
3429_7,0.629769299,0.7817125570505726
3429_8,0.682577566,0.5956430678811165
3429_9,0.697576162,0.7297023598152117
3429_10,0.6327057,0.6292015034359838
3429_11,0.62566709,0.49963130499941405
3429_12,0.590007726,0.8233997031853675
3429_13,0.489164087,0.45710536190887935
3429_14,0.538779121,0.39144458341232863
3429_15,0.5085554,0.6075275850704155
3504_1,0.992220227,-0.033912789969123544
3504_2,0.928896811,0.8926843761925896
3504_3,0.957687153,1.585697067539602
3504_4,0.887376701,0.9092915407442467
3504_5,0.713779191,0.9157091542677904
3504_6,0.836870831,1.5319949743076484
3504_7,0.750715512,1.1333438163425318
3504_8,0.743111606,1.3642560811806
3504_9,0.702003878,0.6546525301085419
3504_10,0.676784249,0.9455351376362822
3504_11,0.620656525,0.6555268299710055
3504_12,0.657391048,0.8058202249028042
3504_13,0.647732002,0.5538714336613652
3504_14,0.567562267,0.4962744595194879
3504_15,0.490716673,0.15940937917959155
3505_1,0.917992093,0.22385979385323246
3505_2,0.945885309,1.4434607537982442
3505_3,0.945123015,1.6808826226008329
3505_4,0.814390744,1.1182493096375434
3505_5,0.796207393,0.9069837337090939
3505_6,0.861265523,1.204190004528583
3505_7,0.808938878,1.1003407241417151
3505_8,0.784335982,0.6320700686728711
3505_9,0.646110057,1.0658423304877016
3505_10,0.623297241,0.6794106399277576
3505_11,0.718597506,0.3931137230529808
3505_12,0.613746857,0.5989542104444078
3505_13,0.64516129,0.6711160831377494
3505_14,0.599744944,1.2778936588161938
3505_15,0.619073084,1.0009733486404138
3522_1,0.713212025,0.9186357192588311
3522_2,0.751167,1.152575748957557
3522_3,0.758857798,0.4023764931482644
3522_4,0.551741294,0.4937689680937318
3522_5,0.612544759,0.5198827220291132
3522_6,0.57797946,0.2204078734116139
3522_7,0.595567867,0.5312035411425349
3522_8,0.513900956,0.3461726238759961
3522_9,0.569611503,1.0423356244294402
3522_10,0.578980623,0.5875905267134552
3522_11,0.555489614,0.6941252593223731
3522_12,0.526943726,0.4280168218842307
3522_13,0.570857286,0.7408408370945195
3522_14,0.483457124,0.8154685353792532
3522_15,0.481111903,0.34017547168082696
361_1,0.525159667,0.7855653579797353
361_2,0.515455875,0.5195587219713454
361_3,0.51733308,0.29573294537024963
361_4,0.464629817,0.6142708734995145
361_5,0.466666667,0.6884256539979678
361_6,0.481457385,1.041140147636676
361_7,0.416061925,0.638608390294261
361_8,0.426573427,0.1172559865297644
361_9,0.430107527,0.45966655801672196
361_10,0.412220961,0.24426710661618958
361_11,0.397928437,0.672951422903174
361_12,0.417036038,-0.15227453162348853
361_13,0.492463442,0.4163565314227378
361_14,0.423413063,0.22647116650942156
361_15,0.406686512,0.40068034896868243
363_1,0.787210825,0.7777763992750035
363_2,0.862424764,0.6966509254436257
363_3,0.774383592,1.0748913970968317
363_4,0.687778897,0.746056504212749
363_5,0.666568135,1.3065118378414635
363_6,0.694370722,0.9034420385867467
363_7,0.715018037,1.0702708787759017
363_8,0.667406996,1.269597588709342
363_9,0.643166246,0.6368494820989516
363_10,0.629817678,0.7450124446371974
363_11,0.600938967,0.7304069167905404
363_12,0.65051081,0.45110262755060426
363_13,0.616950098,1.0406318100187255
363_14,0.590333717,0.45320303586766475
363_15,0.621177149,1.0127197915680906
293_1,0.364727273,0.5895261733155135
293_2,0.31569446,0.1504523808689114
293_3,0.322291159,0.0040038860333359684
293_4,0.311808118,0.2415601348809794
293_5,0.305025997,0.30954114673406863
293_6,0.28372093,0.2683971035998826
293_7,0.272600349,0.35202191065315264
293_8,0.248980258,0.18383363011581472
293_9,0.255256242,0.27861961432993787
293_10,0.259435919,0.1512035224454302
293_11,0.226645004,0.513822583205877
293_12,0.226490596,0.36603383947441226
293_13,0.227418164,0.0239584504642246
293_14,0.191463996,0.23370564108282185
293_15,0.209521448,0.1719185111142136
3411_1,0.349903939,0.5891806136266372
3411_2,0.340884703,0.4244353385940712
3411_3,0.347139819,0.1975913042482997
3411_4,0.308720209,0.3447618637366655
3411_5,0.317157215,0.3735044894772066
3411_6,0.286101782,0.33787065824060236
3411_7,0.295752762,0.6252072650839641
3411_8,0.294584107,0.2763755182616422
3411_9,0.284056102,0.07903110600381838
3411_10,0.282061526,0.3174880382255834
3411_11,0.278591215,0.4649668508649387
3411_12,0.288450264,0.3318378936251085
3411_13,0.264373124,0.3503460605328776
3411_14,0.268903592,0.2591311223656737
3411_15,0.257819687,0.08777623979741095
3418_1,0.330477356,0.477851132470603
3418_2,0.324465398,0.5369016386413423
3418_3,0.30016,0.24118983354062903
3418_4,0.309139235,0.5802974238237397
3418_5,0.304793118,0.3375875814949257
3418_6,0.286352165,0.2794145038211022
3418_7,0.28725755,0.3143710560870528
3418_8,0.356881214,0.38590961758767744
3418_9,0.264327485,0.2986081595599572
3418_10,0.250610252,0.116948734465405
3418_11,0.27130887,0.29890766082695
3418_12,0.265762171,0.09420323284779213
3418_13,0.263079223,0.3792772678952373
3418_14,0.251702786,0.41729182329211495
3418_15,0.252289233,-0.10948947571496621
3501_1,0.342508324,0.3724805751295489
3501_2,0.34324204,0.318956874045532
3501_3,0.342134093,0.4794345853886104
3501_4,0.32630854,-0.032623731055530854
3501_5,0.332271027,0.22817104648906858
3501_6,0.335847504,0.2517962311741203
3501_7,0.304788056,0.3139181433270706
3501_8,0.30227882,0.2901685841808207
3501_9,0.298825503,0.5631427113677949
3501_10,0.301658449,0.12029106153707178
3501_11,0.326462766,0.2698233173162399
3501_12,0.344929513,0.1312434922236372
3501_13,0.28934276,0.47417133561741676
3501_14,0.351955307,0.5030292439960105
3501_15,0.316243929,0.15739083941999502
3502_1,0.281035689,0.2767800155808658
3502_2,0.293219129,0.18098833871728484
3502_3,0.308938468,0.5796269866186843
3502_4,0.282781809,0.1455315231178948
3502_5,0.30311064,0.13413678287837452
3502_6,0.302090716,0.19515055449900884
3502_7,0.285682023,0.3166571823844639
3502_8,0.252850877,0.0037151427271405117
3502_9,0.27897458,0.4878024583610085
3502_10,0.262447257,-0.008614675201165716
3502_11,0.270999725,0.15945962417258464
3502_12,0.290473712,0.30745184126549463
3502_13,0.22092145,0.4124222591134758
3502_14,0.257121987,0.37451012761605545
3502_15,0.261644833,0.4790757693170885
3530_1,0.333635892,0.373818518624323
3530_2,0.382975975,0.3458439956463629
3530_3,0.940955587,0.9468013260186557
3530_4,0.343283582,0.052578827772596086
3530_5,0.326129032,0.2037756585932016
3530_6,0.338065941,0.39699637854089814
3530_7,0.283811475,0.32316384550572713
3530_8,0.274880573,0.09949972948830399
3530_9,0.284920483,0.5065402685205899
3530_10,0.299533513,0.4652454339303378
3530_11,0.2964787,0.40728754137644113
3530_12,0.293580247,0.4868745346201247
3530_13,0.278592375,0.20105658244577
3530_14,0.276785714,0.157438560903652
3530_15,0.341388804,0.6056516282099872
3534_1,0.424200471,0.44339290753864186
3534_2,0.436950147,0.2167517538351607
3534_3,0.424732696,0.4455110907649474
3534_4,0.372619829,0.3876760837041648
3534_5,0.40312229,0.33819353535913743
3534_6,0.399506782,0.4123537874924976
3534_7,0.339455221,0.4036073601015066
3534_8,0.378192745,0.34723478425485604
3534_9,0.336807003,0.263581696347438
3534_10,0.330657301,0.1486460434431996
3534_11,0.33877753,0.4422291123361487
3534_12,0.349507202,0.39790059235048525
3534_13,0.340852905,0.1876861902385154
3534_14,0.340064103,0.4093385894161626
3534_15,0.327130852,0.3393079059446817
3605_1,0.387451401,0.6205325702498664
3605_2,0.40726419,0.15208369223090437
3605_3,0.463199348,0.6391022917624137
3605_4,0.37557377,0.275132340920141
3605_5,0.389022298,0.3421120850051105
3605_6,0.408919383,0.2954261167276611
3605_7,0.370727784,0.8808538506100684
3605_8,0.378715444,0.8541771231299046
3605_9,0.379188345,0.27100667511669235
3605_10,0.363454318,0.6054804706812688
3605_11,0.381261355,0.1121320430393137
3605_12,0.375228639,0.6514097902323297
3605_13,0.358473824,0.3117233138274344
3605_14,0.344549899,0.10498810775793058
3605_15,0.408917197,0.19310753946742054
3606_1,0.486174589,0.03655833672058839
3606_2,0.476542665,0.6083037173376211
3606_3,0.489683166,0.5070817963852366
3606_4,0.424989375,0.4906187821199366
3606_5,0.403120416,0.16487993271653
3606_6,0.414507062,0.23141999189469617
3606_7,0.413705584,0.4853607761635407
3606_8,0.396520597,0.43753553888574775
3606_9,0.399572298,0.22352374591727636
3606_10,0.369756497,0.3922331888830502
3606_11,0.390426639,0.6404701517800817
3606_12,0.361477046,0.4224525529306613
3606_13,0.344771994,0.18388754317748293
3606_14,0.362089915,0.34849544502467666
3606_15,0.353036625,0.26144683396493895
18899_1,0.506199732,0.6489551994255736
18899_2,0.523760331,0.6693537125818323
18899_3,0.51861167,0.5906819046128177
18899_4,0.436986301,0.3241996171503303
18899_5,0.505599336,0.6182822963628025
18899_6,0.474593292,0.7542117460290246
18899_7,0.395155545,0.17016726948543148
18899_8,0.404483431,0.7713201714497101
18899_9,0.40806529,0.578837806703138
18899_10,0.367553866,0.2030063647782442
18899_11,0.368455285,0.5070581535717908
18899_12,0.376694642,0.3311548039686651
18899_13,0.381559767,0.1548101716269931
18899_14,0.391991183,0.3686199738689987
18899_15,0.366010733,0.740424984173058
3476_1,0.526969902,0.27799731242192605
3476_2,0.55318967,0.49752833344428765
3476_3,0.544262295,0.35052203838300605
3476_4,0.425799746,0.5195556152736974
3476_5,0.442892358,0.4848272483602426
3476_6,0.457482585,0.3143385930924499
3476_7,0.438651138,0.047781183825297405
3476_8,0.426918308,0.6046251739351438
3476_9,0.617111731,0.6836819583641954
3476_10,0.385826772,0.33892159896116714
3476_11,0.362542647,0.4117448111617639
3476_12,0.324104235,0.1570639107484252
3476_13,0.442971339,0.6454226692543217
3476_14,0.427474747,0.30943666387272367
3476_15,0.392589889,0.36045391014644773
3483_1,0.523507564,0.5691205182048422
3483_2,0.522842189,0.5816867896840375
3483_3,0.528320141,0.8420864984984795
3483_4,0.444394162,0.20991773960399832
3483_5,0.435862227,-0.02516379862755996
3483_6,0.447674419,0.6847146597660059
3483_7,0.435215054,0.7966360228838347
3483_8,0.416655634,0.3158129982010688
3483_9,0.432090456,0.3221441697544142
3483_10,0.423789174,0.48743228174611514
3483_11,0.387130988,0.25529623307137594
3483_12,0.375280899,0.5019257080560846
3483_13,0.439808345,0.35754665859053747
3483_14,0.425365854,0.485075191425901
3483_15,0.38538206,0.11859079388831721
3498_1,0.787914003,1.0109324739561523
3498_2,0.842680986,1.5363789224146644
3498_3,0.880698548,0.32883832206254593
3498_4,0.878349022,1.7903109399351742
3498_5,0.842452208,1.151923072371149
3498_6,0.941414934,0.909196645473092
3498_7,0.824637681,1.5902917443679936
3498_8,0.838115774,0.9591430399220411
3498_9,0.818823529,1.0895964790065675
3498_10,0.743142145,-0.020383202030742887
3498_11,0.754728493,-0.09186501940035242
3498_12,0.718855932,0.7546250477333909
3498_13,0.674397859,0.2680043361066018
3498_14,0.759660697,0.07362659002006
3498_15,0.713425513,0.9802317117557818
50810B_1,0.690987124,0.5336160725062097
50810B_2,0.704525022,0.47997570897236885
50810B_3,0.665815826,1.2399406649386309
50810B_4,0.596245955,0.6856161173182409
50810B_5,0.58123338,0.23595195646484923
50810B_6,0.576347305,0.4892775058272346
50810B_7,0.554536521,0.27155671476288906
50810B_8,0.554878049,0.3770912252862316
50810B_9,0.721025139,0.9345697168011258
50810B_10,0.483454851,0.206367187017394
50810B_11,0.471245718,-0.2340616493299675
50810B_12,0.489420423,0.31013242838867217
50810B_13,0.454020221,0.6625376545290388
50810B_14,0.451401869,0.1866588734892229
50810B_15,0.474926254,0.3482963317147573
50810C_1,0.583922694,0.4635755850885316
50810C_2,0.600599743,0.9356770534144888
50810C_3,0.577069887,0.5916374022769467
50810C_4,0.52425161,0.34611273096745254
50810C_5,0.509837631,0.456265937661926
50810C_6,0.507273405,0.3990537970532985
50810C_7,0.452180028,0.5448322218770146
50810C_8,0.470532093,0.254326387413592
50810C_9,0.466737816,0.654199616687086
50810C_10,0.428082724,0.2779648624012741
50810C_11,0.441585424,0.5172019589076036
50810C_12,0.413541825,0.6644489809858559
50810C_13,0.408263901,0.22570027272935095
50810C_14,0.423482621,0.5785151953573963
50810C_15,0.456493863,0.29334122770467114
50810E_1,0.573991828,0.930512571905917
50810E_2,0.611698818,0.7923895274758215
50810E_3,0.611508836,0.8317532307388343
50810E_4,0.537875952,0.30107581825453383
50810E_5,0.627634368,0.816523682473174
50810E_6,0.593167313,0.5091658980462069
50810E_7,0.451539165,0.3484331161424453
50810E_8,0.517765685,0.07614858492296102
50810E_9,0.489535799,0.5944335838306753
50810E_10,0.418501529,0.5609397676404363
50810E_11,0.419344822,0.6049209008551001
50810E_12,0.439346812,0.5816693267981404
50810E_13,0.435826408,0.33988657635306635
50810E_14,0.424568566,0.5837535880238184
50810E_15,0.478822412,0.18772361831967907
3421_1,0.30010089,0.36052763410575106
3421_2,0.296766423,0.40795135312383085
3421_3,0.318265952,0.3253701691692809
3421_4,0.286237741,0.036616983657759505
3421_5,0.278368993,0.35571226264041567
3421_6,0.298557804,0.31170748198625786
3421_7,0.237556561,0.16404361663300115
3421_8,0.252389804,0.4673876525443403
3421_9,0.263753359,0.06087019133570654
3421_10,0.238836364,0.2798710279627029
3421_11,0.226899537,0.08268689541174794
3421_12,0.261107314,0.33525530683957216
3421_13,0.216134185,0.19219003945680135
3421_14,0.212369478,0.05457959615171124
3421_15,0.25728988,-0.01212072117357653
3425_1,0.37869997,0.1419609850071634
3425_2,0.364971751,0.16703949833416007
3425_3,0.369857994,0.4481144430398232
3425_4,0.340110471,0.442615690061291
3425_5,0.364356657,0.6605331448569801
3425_6,0.353143364,0.3415184710233884
3425_7,0.306110712,0.05080131505355509
3425_8,0.278722045,0.40173377044377173
3425_9,0.274203945,0.15678823015950488
3425_10,0.273416887,0.3753773705374653
3425_11,0.254252874,0.44407708457809847
3425_12,0.261084505,0.5779463040869175
3425_13,0.235262206,0.3591686203778969
3425_14,0.235136583,0.34232338594774125
3425_15,0.226490527,0.270736722085074
3426_1,0.500643119,0.0884615050743666
3426_2,0.478054342,0.1226397266807169
3426_3,0.490755977,0.6774329221662188
3426_4,0.484586466,0.2007814639232192
3426_5,0.440089191,-0.007291659290794706
3426_6,0.452596073,0.8079964915517617
3426_7,0.420346388,0.676896201313299
3426_8,0.39416893,0.1837586846896774
3426_9,0.40173887,0.42637709700035914
3426_10,0.382181818,0.7505466921061694
3426_11,0.365621698,0.15012709039587474
3426_12,0.365604868,0.6768669509518735
3491_1,0.45099035,0.6690677189716273
3491_2,0.430101997,0.7593590546671309
3491_3,0.422576225,0.09529375644771496
3491_4,0.395634668,0.19157198285122243
3491_5,0.391900377,0.6589004431491323
3491_6,0.383192765,0.5433423128176583
3491_7,0.372281167,0.5979582223309043
3491_8,0.347121369,0.23499872060818075
3491_9,0.330275229,0.1891906413401382
3491_10,0.422991643,0.060972781159052594
3491_11,0.468944622,0.5194927327532339
3491_12,0.373620945,0.35909237254074305
3491_13,0.43200681,0.3726758942883749
3491_14,0.411998328,0.5205973527283434
3491_15,0.354198767,0.4429040484124066
3513_1,0.423525668,0.18046866087882069
3513_2,0.431654676,0.5004890880491462
3513_3,0.425481289,0.7696976071368209
3513_4,0.410867238,0.3086520234182388
3513_5,0.402910659,0.3991536997426023
3513_6,0.358812841,0.5172944383763134
3513_7,0.394220846,0.841885808133339
3513_8,0.388473308,0.5741224826562854
3513_9,0.344535126,0.450039062225728
3513_10,0.356999599,0.4705096529170001
3513_11,0.324591968,0.20466830213103857
3513_12,0.349743395,0.1638974914816803
3513_13,0.341148886,0.1842449551235235
3513_14,0.331467226,0.07457445355447148
3513_15,0.312993386,0.29251990714528
3517_1,0.415249589,0.43992082380852116
3517_2,0.385877412,0.6478950992670308
3517_3,0.397678917,0.22818362815169216
3517_4,0.35652729,0.6401567304828008
3517_5,0.33130654,0.3136884010401557
3517_6,0.348664238,0.1460907584276741
3517_7,0.361781848,0.4226130903252126
3517_8,0.329360575,0.15316761511589744
3517_9,0.328313813,0.1747080032604225
3517_10,0.377490298,0.4418872604317971
3517_11,0.367813384,0.7187879634893722
3517_12,0.296432432,0.24541987994466
3517_13,0.300902425,0.06196821913790539
3517_14,0.287620064,0.39859758022785524
3517_15,0.28208323,0.4854211435135342
3525_1,0.437859667,1.1328211683304725
3525_2,0.450879007,0.3921621308218265
3525_3,0.441197654,0.20756007912064164
3525_4,0.412267658,0.3743528594680532
3525_5,0.430794534,0.4240739325972157
3525_6,0.423008625,0.19979924670568538
3525_7,0.382194684,0.6897047905728741
3525_8,0.399864223,0.5691162459546558
3525_9,0.391501784,0.38108551833808213
3525_10,0.364487927,0.5089149126913299
3525_11,0.382148693,0.642218529225352
3525_12,0.387946518,0.7267696925201251
3525_13,0.343695162,0.44749223505332336
3525_14,0.346593734,0.6656678861502962
3525_15,0.365906887,-0.04625592837719859
J1291_1,0.277106869,0.32652619508034925
J1291_2,0.287188989,0.40433571578375355
J1291_3,0.289369559,0.15500789722922315
J1291_4,0.256108877,0.23630797350297145
J1291_5,0.268433005,0.30867390121149346
J1291_6,0.273664183,0.3052020038154364
J1291_7,0.237046878,0.11818959895651446
J1291_8,0.293881453,0.5308962892227705
J1291_9,0.237271854,0.19116158962034474
J1291_10,0.207142857,0.05992579908063979
J1291_11,0.249584422,0.07904380630911033
J1291_12,0.20413561,0.247270949152711
J1291_13,0.20406547,-0.039560789056666316
J1291_14,0.163324538,0.16430633708620526
J1291_15,0.175857339,0.21379573228763718
J3295_1,0.359145674,0.3663795743384098
J3295_2,0.357103615,0.3189028539351169
J3295_3,0.374019278,0.49031683091242234
J3295_4,0.356012037,0.4143807084981867
J3295_5,0.329829172,0.3580759932323801
J3295_6,0.35513649,0.36086213764577973
J3295_7,0.318447798,0.5634197417499066
J3295_8,0.333438486,0.22116640966902318
J3295_9,0.280945758,0.30047394783681025
J3295_10,0.230976538,0.45898057111349283
J3295_11,0.254860375,0.19744861424041135
J3295_12,0.272197962,0.32472256210701755
J3295_13,0.228699552,0.1485601394282908
J3295_14,0.221242406,0.2494899762289571
J3295_15,0.302625723,0.45083434077613116
